window,regime,sample_count,win_count,loss_count,win_rate,expectancy,median_return,profit_factor,total_return,max_drawdown,positive_windows,total_windows
3Y,UNKNOWN,7138,2801,4337,0.3924068366489213,-0.4586922836929112,-0.6526055,0.6880208549227335,-3274.1455210000004,-3374.8889689999965,,
5Y,UNKNOWN,11217,4286,6931,0.3820986003387715,-0.5209098253543728,-0.732211,0.6744259405926929,-5843.045511,-5922.8969729999935,,
FULL,UNKNOWN,16150,6221,9929,0.3852012383900929,-0.5015416283591331,-0.7404715,0.7033019459936399,-8099.897298,-8272.02647200001,,
ALL_WINDOWS,UNKNOWN,34505,13308,21197,0.3865688917925952,-0.4937145791354724,-0.7084293333333332,0.6885829138363554,-17217.08833,-8272.02647200001,0.0,3.0
