primary_event,triple_barrier_label,meta_positive_rate,mean_cost_drag_pct,sample_count,coverage,win_rate,expectancy,median_return,profit_factor,total_return,max_drawdown,average_win,average_loss
BREAKOUT_CONFIRMATION,TIME_EXIT,0.41731318905675785,0.6241326614944875,2449,0.6823627751462803,0.41731318905675785,-0.36115822417313187,-0.655832,0.8114519928508132,-884.4764909999999,-939.9619769999973,3.7245712181996087,-3.2873078318149966
EXTREME_MEAN_REVERSION,TIME_EXIT,0.5,0.5410157499999999,4,0.0011145165784341043,0.5,0.7688590000000001,-0.11420450000000001,3.243095163770141,3.0754360000000003,-1.371068,2.223252,-0.6855340000000001
REGIME_TRANSITION,TIME_EXIT,0.3799019607843137,0.5926206299019608,408,0.11368069100027862,0.3799019607843137,-0.597656806372549,-0.8344235,0.6426555607162828,-243.843977,-297.6357459999999,2.8292516387096773,-2.697146169960474
VOLATILITY_EXPANSION,TIME_EXIT,0.3804945054945055,0.6859991126373627,728,0.20284201727500697,0.3804945054945055,-0.7542456675824176,-1.120164,0.6599191997778622,-549.090846,-589.8159479999993,3.8465650794223833,-3.5800207827051
