raw_score,bucket_low,bucket_high,sample_count,wins,observed_success_rate,calibrated_probability,avg_return,median_return,global_prior
54.5,50,59,854,308,0.36065573770491804,0.3601739799956481,-0.6766104742388759,-0.6855985,0.3396029258098224
64.5,60,69,638,241,0.3777429467084639,0.37658367555652955,-0.5945777554858934,-0.6652685,0.3396029258098224
74.5,70,79,289,66,0.22837370242214533,0.23557300490678462,-1.123865259515571,-1.01702,0.3396029258098224
84.5,80,89,121,31,0.256198347107438,0.2680287838028117,-1.2288134214876032,-1.431082,0.3396029258098224
94.5,90,99,12,4,0.3333333333333333,0.337251828631139,0.08163383333333335,-0.551219,0.3396029258098224
