raw_score,bucket_low,bucket_high,sample_count,wins,observed_success_rate,calibrated_probability,avg_return,median_return,global_prior
54.5,50,59,1481,642,0.4334908845374747,0.43321952031978683,-0.23786528089128967,-0.400323,0.413125
64.5,60,69,1031,430,0.41707080504364696,0.41699571836346333,-0.3953475169738119,-0.491155,0.413125
74.5,70,79,502,181,0.3605577689243028,0.36257183908045976,-0.5815618705179283,-0.632478,0.413125
84.5,80,89,172,63,0.36627906976744184,0.37115885416666666,-0.6436228546511628,-0.977814,0.413125
94.5,90,99,14,6,0.42857142857142855,0.41948529411764707,0.8074242142857143,-0.174715,0.413125
